Variation,0
Control,0.12201837420362187
Test,0.1446299347191687
