,Variation,Error Rate (%)
0,Control,8.509570478593636
1,Test,10.253757443195557
