Variation,Start,Confirm,end_rates,Error Rate (%)
Control,17505,47608,36.76903041505629,8.509570478593636
Test,25722,56474,45.54662322484683,10.253757443195557
