Variation,Confirm,Start,end_rates,Error Rate (%)
Control,11794,32285,36.530896701254456,8.7442733682288
Test,16872,38884,43.390597675136306,10.959117179953173
