,clnt_age_category,Variation,completion_rate,average_session_duration,average_time_spent
0,Young (0-30),Control,0.11168734950916837,249.80755695499167,25.77224177316787
1,Young (0-30),Test,0.14355611076410577,237.67676452217364,27.287476577139287
2,Young Adults (31-40),Control,0.11725971888058756,253.05768013169558,27.243953400025326
3,Young Adults (31-40),Test,0.14543807558753963,248.6835086306678,28.130089074530723
4,Middle-aged (41-50),Control,0.11347125164325746,291.15228672247974,30.189856777139696
5,Middle-aged (41-50),Test,0.1348978558163093,289.78124824131913,29.72131239799651
6,Senior (51+),Control,0.09244697934547871,312.96583421008916,30.80508333794784
7,Senior (51+),Test,0.11296789946461773,334.90074147084516,30.350641786698326
