Variation,confirm,start,step_1,step_2,step_3
Control,124.05426488044769,54.38847762118631,42.992352765915186,37.227368772241995,94.933316462103
Test,113.7325746799431,60.508795391420634,37.1213319535812,48.13645896444051,97.88100430576525
